firstname,lastname,email
Gilligan,Dowski,Gilligan.Dowski@yopmail.com
Darlleen,Sancho,Darlleen.Sancho@yopmail.com
Starla,Cherianne,Starla.Cherianne@yopmail.com
Giustina,Edison,Giustina.Edison@yopmail.com
Lenna,Fitzsimmons,Lenna.Fitzsimmons@yopmail.com
Queenie,Shaver,Queenie.Shaver@yopmail.com
Marinna,Couture,Marinna.Couture@yopmail.com
Cindelyn,Infield,Cindelyn.Infield@yopmail.com
Farrah,Lauraine,Farrah.Lauraine@yopmail.com
Letizia,Adalbert,Letizia.Adalbert@yopmail.com
Amalie,Malanie,Amalie.Malanie@yopmail.com
Dale,Grosz,Dale.Grosz@yopmail.com
Shandie,Greenwald,Shandie.Greenwald@yopmail.com
Collen,Sperling,Collen.Sperling@yopmail.com
Kenna,My,Kenna.My@yopmail.com
Florie,Ursulette,Florie.Ursulette@yopmail.com
Daphne,Schwejda,Daphne.Schwejda@yopmail.com
Arabel,Delp,Arabel.Delp@yopmail.com
Maurene,Hubert,Maurene.Hubert@yopmail.com
Modestia,Danby,Modestia.Danby@yopmail.com
Aryn,Wandie,Aryn.Wandie@yopmail.com
Jacquetta,Desai,Jacquetta.Desai@yopmail.com
Petronia,Saree,Petronia.Saree@yopmail.com
Malina,Mich,Malina.Mich@yopmail.com
Shaine,Lanita,Shaine.Lanita@yopmail.com
Bill,Madaih,Bill.Madaih@yopmail.com
Rani,Ralfston,Rani.Ralfston@yopmail.com
Marylou,Merell,Marylou.Merell@yopmail.com
Jasmina,Lubin,Jasmina.Lubin@yopmail.com
Rhoda,Larochelle,Rhoda.Larochelle@yopmail.com
Sonni,Zeeba,Sonni.Zeeba@yopmail.com
Sherrie,Mathilde,Sherrie.Mathilde@yopmail.com
Dorene,Chaing,Dorene.Chaing@yopmail.com
Magdalena,Middleton,Magdalena.Middleton@yopmail.com
Zsa Zsa,Hashim,Zsa Zsa.Hashim@yopmail.com
Nollie,Engdahl,Nollie.Engdahl@yopmail.com
Aubrie,Fillbert,Aubrie.Fillbert@yopmail.com
Johna,Douglass,Johna.Douglass@yopmail.com
Selma,Marden,Selma.Marden@yopmail.com
Shauna,Monk,Shauna.Monk@yopmail.com
Nita,Selway,Nita.Selway@yopmail.com
Moyna,Latini,Moyna.Latini@yopmail.com
Frances,Carolin,Frances.Carolin@yopmail.com
Adriana,Vanni,Adriana.Vanni@yopmail.com
Britni,Aurelio,Britni.Aurelio@yopmail.com
Cam,Chabot,Cam.Chabot@yopmail.com
Joy,Bonilla,Joy.Bonilla@yopmail.com
Sidoney,Kussell,Sidoney.Kussell@yopmail.com
Basia,LaRue,Basia.LaRue@yopmail.com
Elmira,Tound,Elmira.Tound@yopmail.com
Jackie,Stelle,Jackie.Stelle@yopmail.com
Kristan,Lipson,Kristan.Lipson@yopmail.com
Ashlee,Nore,Ashlee.Nore@yopmail.com
Feliza,Odell,Feliza.Odell@yopmail.com
Winifred,Delacourt,Winifred.Delacourt@yopmail.com
Hollie,Strephon,Hollie.Strephon@yopmail.com
Jaclyn,Daegal,Jaclyn.Daegal@yopmail.com
Di,Genna,Di.Genna@yopmail.com
Yolane,Leopold,Yolane.Leopold@yopmail.com
Natka,Bettine,Natka.Bettine@yopmail.com
Sybille,Amasa,Sybille.Amasa@yopmail.com
Starla,Matthew,Starla.Matthew@yopmail.com
Theodora,Zrike,Theodora.Zrike@yopmail.com
Merry,Afton,Merry.Afton@yopmail.com
Valeda,Milde,Valeda.Milde@yopmail.com
Kara-Lynn,Garek,Kara-Lynn.Garek@yopmail.com
Roz,Willie,Roz.Willie@yopmail.com
Aurelie,Slifka,Aurelie.Slifka@yopmail.com
Elena,Norvol,Elena.Norvol@yopmail.com
Wynne,Grayce,Wynne.Grayce@yopmail.com
Leeanne,Pelagias,Leeanne.Pelagias@yopmail.com
Lanna,Bethany,Lanna.Bethany@yopmail.com
Celestyna,Telfer,Celestyna.Telfer@yopmail.com
Yvonne,Bach,Yvonne.Bach@yopmail.com
Sallie,Lynn,Sallie.Lynn@yopmail.com
Ayn,Tacye,Ayn.Tacye@yopmail.com
Bibby,Kress,Bibby.Kress@yopmail.com
Correy,Annabella,Correy.Annabella@yopmail.com
Deedee,Sandye,Deedee.Sandye@yopmail.com
Sue,Carbo,Sue.Carbo@yopmail.com
Carolina,Ardeha,Carolina.Ardeha@yopmail.com
Stephanie,Lea,Stephanie.Lea@yopmail.com
Tracey,Freddi,Tracey.Freddi@yopmail.com
Genevra,Kathie,Genevra.Kathie@yopmail.com
Trixi,Dermott,Trixi.Dermott@yopmail.com
Kristina,Bohlin,Kristina.Bohlin@yopmail.com
Regina,Stilwell,Regina.Stilwell@yopmail.com
Glynnis,Yusuk,Glynnis.Yusuk@yopmail.com
Keelia,Monk,Keelia.Monk@yopmail.com
Monika,Joni,Monika.Joni@yopmail.com
Angelique,Rosette,Angelique.Rosette@yopmail.com
Mahalia,Gaspard,Mahalia.Gaspard@yopmail.com
Christy,Aaberg,Christy.Aaberg@yopmail.com
Carree,Latini,Carree.Latini@yopmail.com
Allyce,Wind,Allyce.Wind@yopmail.com
Roslyn,O'Carroll,Roslyn.O'Carroll@yopmail.com
Blake,Penelopa,Blake.Penelopa@yopmail.com
Selma,Medrek,Selma.Medrek@yopmail.com
Zia,Zetta,Zia.Zetta@yopmail.com
Marylou,Taam,Marylou.Taam@yopmail.com
Fernande,Arathorn,Fernande.Arathorn@yopmail.com
Florencia,Bonilla,Florencia.Bonilla@yopmail.com
Konstance,Ashely,Konstance.Ashely@yopmail.com
Vanessa,Emmaline,Vanessa.Emmaline@yopmail.com
Brooks,Dorine,Brooks.Dorine@yopmail.com
Frank,Anestassia,Frank.Anestassia@yopmail.com
Rosabelle,Nadia,Rosabelle.Nadia@yopmail.com
Elvira,Soneson,Elvira.Soneson@yopmail.com
Raquela,Rolf,Raquela.Rolf@yopmail.com
Elbertina,Zola,Elbertina.Zola@yopmail.com
Chandra,Lucienne,Chandra.Lucienne@yopmail.com
Lenna,Junie,Lenna.Junie@yopmail.com
Darci,Karl,Darci.Karl@yopmail.com
Rebeca,Cleavland,Rebeca.Cleavland@yopmail.com
Ira,Simmonds,Ira.Simmonds@yopmail.com
Hyacinthe,Seessel,Hyacinthe.Seessel@yopmail.com
Kary,Havens,Kary.Havens@yopmail.com
Lizzie,Rogerio,Lizzie.Rogerio@yopmail.com
Arlina,Edmund,Arlina.Edmund@yopmail.com
Elbertina,Keily,Elbertina.Keily@yopmail.com
Elfreda,Ammann,Elfreda.Ammann@yopmail.com
Cassondra,Ietta,Cassondra.Ietta@yopmail.com
Donnie,An,Donnie.An@yopmail.com
Hallie,Knowling,Hallie.Knowling@yopmail.com
Stephanie,Anestassia,Stephanie.Anestassia@yopmail.com
Orelia,Mauer,Orelia.Mauer@yopmail.com
Gratia,Audly,Gratia.Audly@yopmail.com
Chickie,Niccolo,Chickie.Niccolo@yopmail.com
Jean,Palocz,Jean.Palocz@yopmail.com
Wanda,Kussell,Wanda.Kussell@yopmail.com
Dari,Merna,Dari.Merna@yopmail.com
Di,Martsen,Di.Martsen@yopmail.com
Harrietta,Poppy,Harrietta.Poppy@yopmail.com
Esmeralda,Kirstin,Esmeralda.Kirstin@yopmail.com
Tybie,Honoria,Tybie.Honoria@yopmail.com
Etta,Cottle,Etta.Cottle@yopmail.com
Lisette,Iiette,Lisette.Iiette@yopmail.com
Henriette,Anton,Henriette.Anton@yopmail.com
Joleen,Vivle,Joleen.Vivle@yopmail.com
Aeriela,Lenny,Aeriela.Lenny@yopmail.com
Estell,Allare,Estell.Allare@yopmail.com
Fernande,Brandice,Fernande.Brandice@yopmail.com
Sidoney,Nicoline,Sidoney.Nicoline@yopmail.com
Mady,Yorick,Mady.Yorick@yopmail.com
Luci,Heisel,Luci.Heisel@yopmail.com
Alyda,Garbe,Alyda.Garbe@yopmail.com
Frances,Neva,Frances.Neva@yopmail.com
Ebonee,Sandye,Ebonee.Sandye@yopmail.com
Tamqrah,Goode,Tamqrah.Goode@yopmail.com
Melisent,Malvino,Melisent.Malvino@yopmail.com
Jean,Delila,Jean.Delila@yopmail.com
Ida,Zeeba,Ida.Zeeba@yopmail.com
Vere,Faro,Vere.Faro@yopmail.com
Johna,Kendrick,Johna.Kendrick@yopmail.com
Katleen,Gabrielli,Katleen.Gabrielli@yopmail.com
Stevana,Swanhildas,Stevana.Swanhildas@yopmail.com
Marika,Behre,Marika.Behre@yopmail.com
Fawne,Francyne,Fawne.Francyne@yopmail.com
Therine,Posner,Therine.Posner@yopmail.com
Chastity,Tice,Chastity.Tice@yopmail.com
Clo,Caitlin,Clo.Caitlin@yopmail.com
Laurene,Madaih,Laurene.Madaih@yopmail.com
Beatriz,Drus,Beatriz.Drus@yopmail.com
Carilyn,Merriott,Carilyn.Merriott@yopmail.com
Sarette,Cohdwell,Sarette.Cohdwell@yopmail.com
Atlanta,Delila,Atlanta.Delila@yopmail.com
Betta,Wenoa,Betta.Wenoa@yopmail.com
Vivia,Katrine,Vivia.Katrine@yopmail.com
Bernardine,Maples,Bernardine.Maples@yopmail.com
Jackie,Anton,Jackie.Anton@yopmail.com
Marline,Darbie,Marline.Darbie@yopmail.com
June,Horan,June.Horan@yopmail.com
Reeba,Esmaria,Reeba.Esmaria@yopmail.com
Iseabal,Middleton,Iseabal.Middleton@yopmail.com
Kimberley,Connelly,Kimberley.Connelly@yopmail.com
Winifred,Capello,Winifred.Capello@yopmail.com
Chere,Douglass,Chere.Douglass@yopmail.com
Imojean,Shanley,Imojean.Shanley@yopmail.com
Devina,Roumell,Devina.Roumell@yopmail.com
Ruthe,Means,Ruthe.Means@yopmail.com
Atlanta,Claudine,Atlanta.Claudine@yopmail.com
Candi,Lytton,Candi.Lytton@yopmail.com
Jolyn,Giule,Jolyn.Giule@yopmail.com
Misha,Kaja,Misha.Kaja@yopmail.com
Ardenia,Carlson,Ardenia.Carlson@yopmail.com
Orsola,Moseley,Orsola.Moseley@yopmail.com
Grier,Phaidra,Grier.Phaidra@yopmail.com
Kenna,Jary,Kenna.Jary@yopmail.com
Brietta,Erb,Brietta.Erb@yopmail.com
Dione,Felizio,Dione.Felizio@yopmail.com
Shaine,Pozzy,Shaine.Pozzy@yopmail.com
Rori,Dermott,Rori.Dermott@yopmail.com
Gratia,Ietta,Gratia.Ietta@yopmail.com
Odessa,Bahr,Odessa.Bahr@yopmail.com
Aeriela,Shaver,Aeriela.Shaver@yopmail.com
Zsa Zsa,Naor,Zsa Zsa.Naor@yopmail.com
Lelah,Carbo,Lelah.Carbo@yopmail.com
Winifred,Cordi,Winifred.Cordi@yopmail.com
Riannon,Cordi,Riannon.Cordi@yopmail.com
Zsa Zsa,Olin,Zsa Zsa.Olin@yopmail.com
Adele,Ricki,Adele.Ricki@yopmail.com
Shirlee,Pip,Shirlee.Pip@yopmail.com
Carree,Chobot,Carree.Chobot@yopmail.com
Jolyn,Maisey,Jolyn.Maisey@yopmail.com
Mary,Connelly,Mary.Connelly@yopmail.com
Maud,Stuart,Maud.Stuart@yopmail.com
Danika,Buckler,Danika.Buckler@yopmail.com
Sonni,Read,Sonni.Read@yopmail.com
Ana,Salchunas,Ana.Salchunas@yopmail.com
Olivette,Francene,Olivette.Francene@yopmail.com
Dorene,Kylander,Dorene.Kylander@yopmail.com
Harmonia,Reneta,Harmonia.Reneta@yopmail.com
Emylee,Sophronia,Emylee.Sophronia@yopmail.com
Tatiania,Fairweather,Tatiania.Fairweather@yopmail.com
Allis,Parette,Allis.Parette@yopmail.com
Thalia,Pelagias,Thalia.Pelagias@yopmail.com
Anthia,Corrine,Anthia.Corrine@yopmail.com
Almeta,Myrilla,Almeta.Myrilla@yopmail.com
Frances,Vernier,Frances.Vernier@yopmail.com
Sadie,Tiffa,Sadie.Tiffa@yopmail.com
Liana,Edvard,Liana.Edvard@yopmail.com
Annecorinne,Ries,Annecorinne.Ries@yopmail.com
Viviene,Kosey,Viviene.Kosey@yopmail.com
Dari,Pond,Dari.Pond@yopmail.com
Jsandye,Abbot,Jsandye.Abbot@yopmail.com
Rebeca,Blisse,Rebeca.Blisse@yopmail.com
Mary,Niccolo,Mary.Niccolo@yopmail.com
Deloria,Eckblad,Deloria.Eckblad@yopmail.com
Hayley,Kelula,Hayley.Kelula@yopmail.com
Antonietta,Eliathas,Antonietta.Eliathas@yopmail.com
Alyssa,MacIntosh,Alyssa.MacIntosh@yopmail.com
Paule,Tannie,Paule.Tannie@yopmail.com
Robinia,Vanni,Robinia.Vanni@yopmail.com
Myriam,Shields,Myriam.Shields@yopmail.com
Mildrid,Evvie,Mildrid.Evvie@yopmail.com
Vonny,Harriman,Vonny.Harriman@yopmail.com
Roz,Hylan,Roz.Hylan@yopmail.com
Sallie,Concha,Sallie.Concha@yopmail.com
Phedra,Malanie,Phedra.Malanie@yopmail.com
Rosabelle,Shields,Rosabelle.Shields@yopmail.com
Margarette,Krystle,Margarette.Krystle@yopmail.com
Jobi,Pandolfi,Jobi.Pandolfi@yopmail.com
Kirbee,Bartlett,Kirbee.Bartlett@yopmail.com
Inga,Kalinda,Inga.Kalinda@yopmail.com
Nita,Junie,Nita.Junie@yopmail.com
Sharlene,Gale,Sharlene.Gale@yopmail.com
Sean,Malanie,Sean.Malanie@yopmail.com
Minne,Phaidra,Minne.Phaidra@yopmail.com
Layla,Rugen,Layla.Rugen@yopmail.com
Blondelle,Amasa,Blondelle.Amasa@yopmail.com
Kimberley,Danby,Kimberley.Danby@yopmail.com
Mathilda,Kevon,Mathilda.Kevon@yopmail.com
Kaja,Grobe,Kaja.Grobe@yopmail.com
Henriette,Thunell,Henriette.Thunell@yopmail.com
Bill,Edmund,Bill.Edmund@yopmail.com
Dulce,Dunkin,Dulce.Dunkin@yopmail.com
Cristabel,Nicoline,Cristabel.Nicoline@yopmail.com
Binny,Ruvolo,Binny.Ruvolo@yopmail.com
Molli,Curren,Molli.Curren@yopmail.com
Andeee,Cookie,Andeee.Cookie@yopmail.com
Chastity,Grimbly,Chastity.Grimbly@yopmail.com
Annice,Federica,Annice.Federica@yopmail.com
Caressa,Ajay,Caressa.Ajay@yopmail.com
Jere,Shuler,Jere.Shuler@yopmail.com
Kayla,Goddard,Kayla.Goddard@yopmail.com
Belva,Taam,Belva.Taam@yopmail.com
Susette,Anderea,Susette.Anderea@yopmail.com
Sherrie,Jena,Sherrie.Jena@yopmail.com
Hyacinthe,Weinreb,Hyacinthe.Weinreb@yopmail.com
Olwen,Hermes,Olwen.Hermes@yopmail.com
Yvonne,Rocray,Yvonne.Rocray@yopmail.com
Gusella,Sheng,Gusella.Sheng@yopmail.com
Alisha,Cordi,Alisha.Cordi@yopmail.com
Krystle,Sekofski,Krystle.Sekofski@yopmail.com
Pollyanna,Bord,Pollyanna.Bord@yopmail.com
Shandie,Mehalek,Shandie.Mehalek@yopmail.com
Beatriz,Slifka,Beatriz.Slifka@yopmail.com
Deloria,Goth,Deloria.Goth@yopmail.com
Codie,Nerita,Codie.Nerita@yopmail.com
Sallie,Aloise,Sallie.Aloise@yopmail.com
Dorothy,Faso,Dorothy.Faso@yopmail.com
Pearline,Seumas,Pearline.Seumas@yopmail.com
Doro,Sheedy,Doro.Sheedy@yopmail.com
Donnie,Valerio,Donnie.Valerio@yopmail.com
Devina,Kimmie,Devina.Kimmie@yopmail.com
Blondelle,Gherardo,Blondelle.Gherardo@yopmail.com
Ekaterina,Corabella,Ekaterina.Corabella@yopmail.com
Veda,Trey,Veda.Trey@yopmail.com
Roseline,Nisbet,Roseline.Nisbet@yopmail.com
Claudina,Loeb,Claudina.Loeb@yopmail.com
Brandise,Malina,Brandise.Malina@yopmail.com
Malina,Grosz,Malina.Grosz@yopmail.com
Karolina,Norvol,Karolina.Norvol@yopmail.com
Lisette,Bashemeth,Lisette.Bashemeth@yopmail.com
Betta,Suk,Betta.Suk@yopmail.com
Chloris,Santoro,Chloris.Santoro@yopmail.com
Wileen,Hartnett,Wileen.Hartnett@yopmail.com
Josephine,Alexandr,Josephine.Alexandr@yopmail.com
Carmencita,Stanwood,Carmencita.Stanwood@yopmail.com
Raf,Karl,Raf.Karl@yopmail.com
Alie,Sprage,Alie.Sprage@yopmail.com
Clarice,Garlinda,Clarice.Garlinda@yopmail.com
Gui,Standing,Gui.Standing@yopmail.com
Hyacinthe,Cecile,Hyacinthe.Cecile@yopmail.com
Tersina,Boycey,Tersina.Boycey@yopmail.com
Bee,Saree,Bee.Saree@yopmail.com
Fredericka,Sholley,Fredericka.Sholley@yopmail.com
Madalyn,Odell,Madalyn.Odell@yopmail.com
Karena,Turne,Karena.Turne@yopmail.com
Glenda,Lipson,Glenda.Lipson@yopmail.com
Atlanta,Allys,Atlanta.Allys@yopmail.com
Rubie,Friede,Rubie.Friede@yopmail.com
Jere,Brady,Jere.Brady@yopmail.com
Binny,Tannie,Binny.Tannie@yopmail.com
Maurene,Lauraine,Maurene.Lauraine@yopmail.com
Demetris,Olin,Demetris.Olin@yopmail.com
Kayla,Denis,Kayla.Denis@yopmail.com
Jinny,Frodi,Jinny.Frodi@yopmail.com
Paule,Behre,Paule.Behre@yopmail.com
Bobinette,Ethban,Bobinette.Ethban@yopmail.com
Ida,Flita,Ida.Flita@yopmail.com
Georgetta,Atcliffe,Georgetta.Atcliffe@yopmail.com
Janeczka,Bonucci,Janeczka.Bonucci@yopmail.com
Cassondra,Si,Cassondra.Si@yopmail.com
Jessy,Nea,Jessy.Nea@yopmail.com
Netty,Norrie,Netty.Norrie@yopmail.com
Michaelina,Diann,Michaelina.Diann@yopmail.com
Kimmy,Bashemeth,Kimmy.Bashemeth@yopmail.com
Jolyn,Anis,Jolyn.Anis@yopmail.com
Raf,Urias,Raf.Urias@yopmail.com
Morganica,Dahlia,Morganica.Dahlia@yopmail.com
Madelle,Kannry,Madelle.Kannry@yopmail.com
Lynea,Adore,Lynea.Adore@yopmail.com
Lauryn,Weaks,Lauryn.Weaks@yopmail.com
Alyda,Hachmin,Alyda.Hachmin@yopmail.com
Kate,Thilda,Kate.Thilda@yopmail.com
Hyacinthe,Neva,Hyacinthe.Neva@yopmail.com
Jaime,Carri,Jaime.Carri@yopmail.com
Yolane,Kravits,Yolane.Kravits@yopmail.com
Bill,Breed,Bill.Breed@yopmail.com
Marsiella,Paton,Marsiella.Paton@yopmail.com
Melisent,Grayce,Melisent.Grayce@yopmail.com
Korrie,Bronk,Korrie.Bronk@yopmail.com
Kimmy,Roumell,Kimmy.Roumell@yopmail.com
Monika,Bonucci,Monika.Bonucci@yopmail.com
Adore,Zrike,Adore.Zrike@yopmail.com
Monika,Tacye,Monika.Tacye@yopmail.com
Latisha,Alabaster,Latisha.Alabaster@yopmail.com
Ardenia,Montgomery,Ardenia.Montgomery@yopmail.com
Larine,Tamar,Larine.Tamar@yopmail.com
Aubrie,Macey,Aubrie.Macey@yopmail.com
Gisela,Gino,Gisela.Gino@yopmail.com
Corene,Beebe,Corene.Beebe@yopmail.com
Gale,Francene,Gale.Francene@yopmail.com
Shannah,Adlare,Shannah.Adlare@yopmail.com
Hannis,Sinegold,Hannis.Sinegold@yopmail.com
Sharlene,Evvie,Sharlene.Evvie@yopmail.com
Ottilie,Kirbee,Ottilie.Kirbee@yopmail.com
Shannah,Talia,Shannah.Talia@yopmail.com
Genevra,Hachmin,Genevra.Hachmin@yopmail.com
Jessy,Darbie,Jessy.Darbie@yopmail.com
Olivette,Erich,Olivette.Erich@yopmail.com
Susan,Croix,Susan.Croix@yopmail.com
Ketti,Hull,Ketti.Hull@yopmail.com
Maridel,Durante,Maridel.Durante@yopmail.com
Elyssa,Chauncey,Elyssa.Chauncey@yopmail.com
Clementine,Paine,Clementine.Paine@yopmail.com
Brianna,O'Carroll,Brianna.O'Carroll@yopmail.com
Annice,Brian,Annice.Brian@yopmail.com
Rosene,Rheingold,Rosene.Rheingold@yopmail.com
Marcelline,Curren,Marcelline.Curren@yopmail.com
Allyce,Tayib,Allyce.Tayib@yopmail.com
Ira,Andrel,Ira.Andrel@yopmail.com
Lanna,Douglass,Lanna.Douglass@yopmail.com
Addia,MacIntosh,Addia.MacIntosh@yopmail.com
Orsola,Standing,Orsola.Standing@yopmail.com
Nerta,Vins,Nerta.Vins@yopmail.com
Carlie,Nisbet,Carlie.Nisbet@yopmail.com
Gretal,Ailyn,Gretal.Ailyn@yopmail.com
Sarette,Sasnett,Sarette.Sasnett@yopmail.com
Ermengarde,Yam,Ermengarde.Yam@yopmail.com
Doralynne,Clie,Doralynne.Clie@yopmail.com
Brietta,Faso,Brietta.Faso@yopmail.com
Mady,Lenny,Mady.Lenny@yopmail.com
Carly,Anyah,Carly.Anyah@yopmail.com
Aurelie,Alejoa,Aurelie.Alejoa@yopmail.com
Dode,Rozanna,Dode.Rozanna@yopmail.com
Alameda,Dahlia,Alameda.Dahlia@yopmail.com
Alexine,Thunell,Alexine.Thunell@yopmail.com
Jacquetta,Vanni,Jacquetta.Vanni@yopmail.com
Nerta,Plato,Nerta.Plato@yopmail.com
Bee,Ferino,Bee.Ferino@yopmail.com
Julieta,Gaulin,Julieta.Gaulin@yopmail.com
Jan,Behre,Jan.Behre@yopmail.com
Lesly,Hutchison,Lesly.Hutchison@yopmail.com
Winifred,Vorster,Winifred.Vorster@yopmail.com
Melanie,Konyn,Melanie.Konyn@yopmail.com
Thalia,Marcellus,Thalia.Marcellus@yopmail.com
Gale,Lucienne,Gale.Lucienne@yopmail.com
Joelly,Byrne,Joelly.Byrne@yopmail.com
Luci,Yuille,Luci.Yuille@yopmail.com
Cecile,Dimitris,Cecile.Dimitris@yopmail.com
Brooks,Marijo,Brooks.Marijo@yopmail.com
Silvana,Whittaker,Silvana.Whittaker@yopmail.com
Maud,Toor,Maud.Toor@yopmail.com
Sabina,Smitt,Sabina.Smitt@yopmail.com
Elfreda,Mehalek,Elfreda.Mehalek@yopmail.com
Wendi,Allys,Wendi.Allys@yopmail.com
Melina,Ludewig,Melina.Ludewig@yopmail.com
Ada,Matthew,Ada.Matthew@yopmail.com
Romona,Delacourt,Romona.Delacourt@yopmail.com
Catrina,Monaco,Catrina.Monaco@yopmail.com
Ezmeralda,Therine,Ezmeralda.Therine@yopmail.com
Lynea,Fleeta,Lynea.Fleeta@yopmail.com
Steffane,Sherfield,Steffane.Sherfield@yopmail.com
Merle,Shama,Merle.Shama@yopmail.com
Corene,Malvino,Corene.Malvino@yopmail.com
Katuscha,Mike,Katuscha.Mike@yopmail.com
Binny,Rosemary,Binny.Rosemary@yopmail.com
Mamie,Tound,Mamie.Tound@yopmail.com
Merrie,Ahab,Merrie.Ahab@yopmail.com
Kenna,Karylin,Kenna.Karylin@yopmail.com
Amara,Lucienne,Amara.Lucienne@yopmail.com
Teddie,Millda,Teddie.Millda@yopmail.com
Aryn,Christine,Aryn.Christine@yopmail.com
Marnia,Noam,Marnia.Noam@yopmail.com
Talya,Arne,Talya.Arne@yopmail.com
Shel,Callista,Shel.Callista@yopmail.com
Imojean,Sadowski,Imojean.Sadowski@yopmail.com
Ronna,Casimir,Ronna.Casimir@yopmail.com
Olwen,Buttaro,Olwen.Buttaro@yopmail.com
Dotty,Capello,Dotty.Capello@yopmail.com
Carlie,Hewitt,Carlie.Hewitt@yopmail.com
Brana,Berl,Brana.Berl@yopmail.com
Correy,Prober,Correy.Prober@yopmail.com
Vinita,Teryn,Vinita.Teryn@yopmail.com
Beatriz,Bach,Beatriz.Bach@yopmail.com
Ottilie,Terencio,Ottilie.Terencio@yopmail.com
Reeba,Winthorpe,Reeba.Winthorpe@yopmail.com
Winifred,Elvyn,Winifred.Elvyn@yopmail.com
Michaelina,Nunci,Michaelina.Nunci@yopmail.com
Hollie,Morgun,Hollie.Morgun@yopmail.com
Dorothy,Bahr,Dorothy.Bahr@yopmail.com
Fernande,Grobe,Fernande.Grobe@yopmail.com
Ingrid,Wenoa,Ingrid.Wenoa@yopmail.com
Catrina,Ioab,Catrina.Ioab@yopmail.com
Elbertina,Gahl,Elbertina.Gahl@yopmail.com
Ana,Diogenes,Ana.Diogenes@yopmail.com
Charlena,Simmonds,Charlena.Simmonds@yopmail.com
Lolita,Mandler,Lolita.Mandler@yopmail.com
Nicoli,Azeria,Nicoli.Azeria@yopmail.com
Albertina,Margret,Albertina.Margret@yopmail.com
Raf,Mayeda,Raf.Mayeda@yopmail.com
Britni,Delp,Britni.Delp@yopmail.com
Allyce,Parsaye,Allyce.Parsaye@yopmail.com
Debee,Niles,Debee.Niles@yopmail.com
Tera,Hertzfeld,Tera.Hertzfeld@yopmail.com
Chere,Glovsky,Chere.Glovsky@yopmail.com
Mellicent,Erskine,Mellicent.Erskine@yopmail.com
Tersina,Letsou,Tersina.Letsou@yopmail.com
Jaclyn,Tryck,Jaclyn.Tryck@yopmail.com
Marguerite,Bohlin,Marguerite.Bohlin@yopmail.com
Marleah,Magnolia,Marleah.Magnolia@yopmail.com
Courtnay,Lanita,Courtnay.Lanita@yopmail.com
Riannon,Solitta,Riannon.Solitta@yopmail.com
Gratia,Decato,Gratia.Decato@yopmail.com
Kylynn,Cleavland,Kylynn.Cleavland@yopmail.com
Jean,Maribeth,Jean.Maribeth@yopmail.com
Sonni,Skell,Sonni.Skell@yopmail.com
Calla,Engdahl,Calla.Engdahl@yopmail.com
Marleah,Ortrude,Marleah.Ortrude@yopmail.com
Monika,Merat,Monika.Merat@yopmail.com
Eolanda,Phaidra,Eolanda.Phaidra@yopmail.com
Therine,Raffo,Therine.Raffo@yopmail.com
Belinda,Teryn,Belinda.Teryn@yopmail.com
Katuscha,Chesna,Katuscha.Chesna@yopmail.com
Lacie,Henebry,Lacie.Henebry@yopmail.com
Margarette,Lorenz,Margarette.Lorenz@yopmail.com
Barbara,Screens,Barbara.Screens@yopmail.com
Yvonne,Ephrem,Yvonne.Ephrem@yopmail.com
Halette,Randene,Halette.Randene@yopmail.com
Yolane,Niles,Yolane.Niles@yopmail.com
Christian,Martsen,Christian.Martsen@yopmail.com
Ellette,Skell,Ellette.Skell@yopmail.com
Kassey,Ade,Kassey.Ade@yopmail.com
Shauna,Modie,Shauna.Modie@yopmail.com
Esmeralda,Hermes,Esmeralda.Hermes@yopmail.com
Melanie,Israeli,Melanie.Israeli@yopmail.com
Sibella,Redmond,Sibella.Redmond@yopmail.com
Lizzie,Eckblad,Lizzie.Eckblad@yopmail.com
Blondelle,Riordan,Blondelle.Riordan@yopmail.com
Angela,Bergman,Angela.Bergman@yopmail.com
Jessy,Jeanne,Jessy.Jeanne@yopmail.com
Aaren,Justinn,Aaren.Justinn@yopmail.com
Luci,Colleen,Luci.Colleen@yopmail.com
Carlie,Earlie,Carlie.Earlie@yopmail.com
Alyssa,Tengdin,Alyssa.Tengdin@yopmail.com
Tamqrah,Ball,Tamqrah.Ball@yopmail.com
Ketti,Posner,Ketti.Posner@yopmail.com
Jemie,McGrody,Jemie.McGrody@yopmail.com
Stevana,Kristi,Stevana.Kristi@yopmail.com
Leontine,Freddi,Leontine.Freddi@yopmail.com
Marnia,Vorster,Marnia.Vorster@yopmail.com
Carly,Wilkinson,Carly.Wilkinson@yopmail.com
Bernardine,Dunkin,Bernardine.Dunkin@yopmail.com
Lynnea,Andrel,Lynnea.Andrel@yopmail.com
Gale,Garbe,Gale.Garbe@yopmail.com
Maud,Gladstone,Maud.Gladstone@yopmail.com
Aeriela,Leffen,Aeriela.Leffen@yopmail.com
Beth,Lytton,Beth.Lytton@yopmail.com
Corly,Ietta,Corly.Ietta@yopmail.com
Joleen,Lamoree,Joleen.Lamoree@yopmail.com
Alameda,Gaspard,Alameda.Gaspard@yopmail.com
Jan,Haerr,Jan.Haerr@yopmail.com
Kirstin,Florina,Kirstin.Florina@yopmail.com
Mariele,Emerson,Mariele.Emerson@yopmail.com
Kaia,Kronfeld,Kaia.Kronfeld@yopmail.com
Amara,Emerson,Amara.Emerson@yopmail.com
Mamie,Sadowski,Mamie.Sadowski@yopmail.com
Fanny,Vanni,Fanny.Vanni@yopmail.com
Cristabel,Clara,Cristabel.Clara@yopmail.com
Margalo,Mike,Margalo.Mike@yopmail.com
Dyann,Brittani,Dyann.Brittani@yopmail.com
Annora,Letsou,Annora.Letsou@yopmail.com
Aeriela,Nelsen,Aeriela.Nelsen@yopmail.com
Abbie,Olin,Abbie.Olin@yopmail.com
Molli,Gilmour,Molli.Gilmour@yopmail.com
Dotty,Verger,Dotty.Verger@yopmail.com
Doro,Berl,Doro.Berl@yopmail.com
Ronna,Nikaniki,Ronna.Nikaniki@yopmail.com
Wilma,Posner,Wilma.Posner@yopmail.com
Caryl,Burkle,Caryl.Burkle@yopmail.com
Corry,Nore,Corry.Nore@yopmail.com
Gisela,Merell,Gisela.Merell@yopmail.com
Roxane,Vorster,Roxane.Vorster@yopmail.com
Micheline,Vacuva,Micheline.Vacuva@yopmail.com
Clarice,Claudine,Clarice.Claudine@yopmail.com
Averyl,Christal,Averyl.Christal@yopmail.com
Darci,Adamsen,Darci.Adamsen@yopmail.com
Quintina,Phaidra,Quintina.Phaidra@yopmail.com
Dorothy,Haerr,Dorothy.Haerr@yopmail.com
Dorene,Pulsifer,Dorene.Pulsifer@yopmail.com
Madeleine,Izaak,Madeleine.Izaak@yopmail.com
Pierette,McGrody,Pierette.McGrody@yopmail.com
Dale,Robertson,Dale.Robertson@yopmail.com
Gilda,Kinnard,Gilda.Kinnard@yopmail.com
Debee,Toni,Debee.Toni@yopmail.com
Clary,Bearnard,Clary.Bearnard@yopmail.com
Jean,Telfer,Jean.Telfer@yopmail.com
Asia,Curren,Asia.Curren@yopmail.com
Bobinette,Haldas,Bobinette.Haldas@yopmail.com
Arlena,Elisha,Arlena.Elisha@yopmail.com
Claudina,Anselmi,Claudina.Anselmi@yopmail.com
Ira,Eno,Ira.Eno@yopmail.com
Feliza,Raama,Feliza.Raama@yopmail.com
Jacquetta,Carvey,Jacquetta.Carvey@yopmail.com
Rosanne,Oneida,Rosanne.Oneida@yopmail.com
Elie,Blisse,Elie.Blisse@yopmail.com
Millie,Vary,Millie.Vary@yopmail.com
Nariko,Hertzfeld,Nariko.Hertzfeld@yopmail.com
Cacilie,Cookie,Cacilie.Cookie@yopmail.com
Yetty,Fulmer,Yetty.Fulmer@yopmail.com
Corene,Isidore,Corene.Isidore@yopmail.com
Lexine,Rustice,Lexine.Rustice@yopmail.com
Correy,Guthrie,Correy.Guthrie@yopmail.com
Giustina,Aloise,Giustina.Aloise@yopmail.com
Elora,Tryck,Elora.Tryck@yopmail.com
Steffane,Abram,Steffane.Abram@yopmail.com
Shandie,Ferino,Shandie.Ferino@yopmail.com
Gusella,Zamora,Gusella.Zamora@yopmail.com
Jan,Hedve,Jan.Hedve@yopmail.com
Mahalia,Markman,Mahalia.Markman@yopmail.com
Elmira,Ammann,Elmira.Ammann@yopmail.com
Elyssa,Kamaria,Elyssa.Kamaria@yopmail.com
Rori,Kelula,Rori.Kelula@yopmail.com
Ann-Marie,Desai,Ann-Marie.Desai@yopmail.com
Marylou,Artie,Marylou.Artie@yopmail.com
Vonny,Ax,Vonny.Ax@yopmail.com
Lynnea,Rad,Lynnea.Rad@yopmail.com
Arlina,Pip,Arlina.Pip@yopmail.com
Mariele,Lareena,Mariele.Lareena@yopmail.com
Shell,Johnsson,Shell.Johnsson@yopmail.com
Mariele,Diogenes,Mariele.Diogenes@yopmail.com
Anica,Jobi,Anica.Jobi@yopmail.com
Susan,Colyer,Susan.Colyer@yopmail.com
Bertine,Juan,Bertine.Juan@yopmail.com
Charissa,Thunell,Charissa.Thunell@yopmail.com
Roseline,Brieta,Roseline.Brieta@yopmail.com
Cherilyn,Louanna,Cherilyn.Louanna@yopmail.com
Lynea,Heisel,Lynea.Heisel@yopmail.com
Desirae,Charity,Desirae.Charity@yopmail.com
Blondelle,Jena,Blondelle.Jena@yopmail.com
Merrie,Ezar,Merrie.Ezar@yopmail.com
Almeta,Daveta,Almeta.Daveta@yopmail.com
Violet,Chrystel,Violet.Chrystel@yopmail.com
Vivia,Montgomery,Vivia.Montgomery@yopmail.com
Arlina,Vary,Arlina.Vary@yopmail.com
Xylina,Wildermuth,Xylina.Wildermuth@yopmail.com
Amara,Carri,Amara.Carri@yopmail.com
Jacquetta,Smitt,Jacquetta.Smitt@yopmail.com
Ardeen,Harriman,Ardeen.Harriman@yopmail.com
Jinny,Pettiford,Jinny.Pettiford@yopmail.com
Rani,Stilwell,Rani.Stilwell@yopmail.com
Annabela,Phaidra,Annabela.Phaidra@yopmail.com
Deane,Bury,Deane.Bury@yopmail.com
Roberta,Schalles,Roberta.Schalles@yopmail.com
Miquela,Halla,Miquela.Halla@yopmail.com
Tybie,Tomasina,Tybie.Tomasina@yopmail.com
Ebonee,Sammons,Ebonee.Sammons@yopmail.com
Amalie,Joachim,Amalie.Joachim@yopmail.com
Elvira,Constancy,Elvira.Constancy@yopmail.com
Consuela,Carmena,Consuela.Carmena@yopmail.com
Yolane,Brunell,Yolane.Brunell@yopmail.com
Frances,Brodench,Frances.Brodench@yopmail.com
Dania,Pyle,Dania.Pyle@yopmail.com
Flo,Papageno,Flo.Papageno@yopmail.com
Pamella,Ardra,Pamella.Ardra@yopmail.com
Therine,Morrill,Therine.Morrill@yopmail.com
Lila,Hortensia,Lila.Hortensia@yopmail.com
Pearline,Denis,Pearline.Denis@yopmail.com
Noelle,Yusuk,Noelle.Yusuk@yopmail.com
Roberta,Dimitris,Roberta.Dimitris@yopmail.com
Leona,Vorster,Leona.Vorster@yopmail.com
Melina,Standing,Melina.Standing@yopmail.com
Katharina,Abram,Katharina.Abram@yopmail.com
Frieda,Ilka,Frieda.Ilka@yopmail.com
Dania,Santoro,Dania.Santoro@yopmail.com
Kirstin,Halla,Kirstin.Halla@yopmail.com
Anestassia,Ajay,Anestassia.Ajay@yopmail.com
Krystle,Schalles,Krystle.Schalles@yopmail.com
Beth,Yorick,Beth.Yorick@yopmail.com
Janenna,Ulphia,Janenna.Ulphia@yopmail.com
Ira,Hilbert,Ira.Hilbert@yopmail.com
Rochette,Kesley,Rochette.Kesley@yopmail.com
Ermengarde,Thema,Ermengarde.Thema@yopmail.com
Catrina,Delp,Catrina.Delp@yopmail.com
Wendi,Havens,Wendi.Havens@yopmail.com
Meg,Sallyann,Meg.Sallyann@yopmail.com
Valera,Faro,Valera.Faro@yopmail.com
Vere,Rogerio,Vere.Rogerio@yopmail.com
Nonnah,Tamar,Nonnah.Tamar@yopmail.com
Caryl,Erich,Caryl.Erich@yopmail.com
Dale,Colleen,Dale.Colleen@yopmail.com
Candi,Ammann,Candi.Ammann@yopmail.com
Annecorinne,Anestassia,Annecorinne.Anestassia@yopmail.com
Candi,Kimmie,Candi.Kimmie@yopmail.com
Kittie,Ailyn,Kittie.Ailyn@yopmail.com
Kaja,Chem,Kaja.Chem@yopmail.com
Katharina,Mata,Katharina.Mata@yopmail.com
Feliza,Dorcy,Feliza.Dorcy@yopmail.com
Lonnie,Christine,Lonnie.Christine@yopmail.com
Correy,Hebner,Correy.Hebner@yopmail.com
Benita,Schroth,Benita.Schroth@yopmail.com
Raquela,Mich,Raquela.Mich@yopmail.com
Cindelyn,Jarib,Cindelyn.Jarib@yopmail.com
Nollie,Tacye,Nollie.Tacye@yopmail.com
Jackie,Jess,Jackie.Jess@yopmail.com
Dorthy,Hirsch,Dorthy.Hirsch@yopmail.com
Marinna,Liebermann,Marinna.Liebermann@yopmail.com
Lenna,Giff,Lenna.Giff@yopmail.com
Maisey,Raul,Maisey.Raul@yopmail.com
Tina,Anderea,Tina.Anderea@yopmail.com
Chastity,Neils,Chastity.Neils@yopmail.com
Beverley,Maribeth,Beverley.Maribeth@yopmail.com
Mariele,Jagir,Mariele.Jagir@yopmail.com
Randa,Kelula,Randa.Kelula@yopmail.com
Tarra,Toffic,Tarra.Toffic@yopmail.com
Zaria,Phyllis,Zaria.Phyllis@yopmail.com
Ileana,Rooney,Ileana.Rooney@yopmail.com
Mathilda,Xerxes,Mathilda.Xerxes@yopmail.com
Ayn,Beniamino,Ayn.Beniamino@yopmail.com
Hyacinthe,Heisel,Hyacinthe.Heisel@yopmail.com
Hollie,Lane,Hollie.Lane@yopmail.com
Nelle,Raffo,Nelle.Raffo@yopmail.com
Mariann,Sprage,Mariann.Sprage@yopmail.com
Nerta,Jerald,Nerta.Jerald@yopmail.com
Concettina,Zeeba,Concettina.Zeeba@yopmail.com
Therine,Teryn,Therine.Teryn@yopmail.com
Eugine,Rocray,Eugine.Rocray@yopmail.com
Chrystel,Torray,Chrystel.Torray@yopmail.com
Mamie,Abbot,Mamie.Abbot@yopmail.com
Tybie,Lenny,Tybie.Lenny@yopmail.com
Petronia,Land,Petronia.Land@yopmail.com
Bibby,Abernon,Bibby.Abernon@yopmail.com
Sashenka,Oster,Sashenka.Oster@yopmail.com
Wanda,Zitvaa,Wanda.Zitvaa@yopmail.com
Bernie,Ader,Bernie.Ader@yopmail.com
Michaelina,Gamaliel,Michaelina.Gamaliel@yopmail.com
Marjie,Tryck,Marjie.Tryck@yopmail.com
Rayna,Bashemeth,Rayna.Bashemeth@yopmail.com
Joceline,Aloise,Joceline.Aloise@yopmail.com
Lesly,Kelula,Lesly.Kelula@yopmail.com
Bobinette,Taam,Bobinette.Taam@yopmail.com
Ada,Mandler,Ada.Mandler@yopmail.com
Ulrike,Kronfeld,Ulrike.Kronfeld@yopmail.com
Lanna,Ries,Lanna.Ries@yopmail.com
Hermione,Kalinda,Hermione.Kalinda@yopmail.com
Rosene,Jerald,Rosene.Jerald@yopmail.com
Bertine,Faust,Bertine.Faust@yopmail.com
Ricky,Ivens,Ricky.Ivens@yopmail.com
Danika,Diann,Danika.Diann@yopmail.com
Keelia,Gibbeon,Keelia.Gibbeon@yopmail.com
Angelique,Fink,Angelique.Fink@yopmail.com
Jasmina,Adore,Jasmina.Adore@yopmail.com
Dede,Granoff,Dede.Granoff@yopmail.com
Lita,Bates,Lita.Bates@yopmail.com
Marjie,Imelida,Marjie.Imelida@yopmail.com
Nananne,Pettiford,Nananne.Pettiford@yopmail.com
Sharlene,Alisia,Sharlene.Alisia@yopmail.com
Pearline,Marisa,Pearline.Marisa@yopmail.com
Anestassia,Sabella,Anestassia.Sabella@yopmail.com
Gilda,Pascia,Gilda.Pascia@yopmail.com
Britni,Niccolo,Britni.Niccolo@yopmail.com
Carree,Lorain,Carree.Lorain@yopmail.com
Dacia,Reinke,Dacia.Reinke@yopmail.com
Barbi,Dimitris,Barbi.Dimitris@yopmail.com
Corene,Dowski,Corene.Dowski@yopmail.com
Moyna,Joachim,Moyna.Joachim@yopmail.com
Leona,Dreda,Leona.Dreda@yopmail.com
Phedra,O'Neill,Phedra.O'Neill@yopmail.com
Selma,Waite,Selma.Waite@yopmail.com
Doralynne,Forrer,Doralynne.Forrer@yopmail.com
Yolane,Greenwald,Yolane.Greenwald@yopmail.com
Aeriela,Han,Aeriela.Han@yopmail.com
Deloria,Bigner,Deloria.Bigner@yopmail.com
Goldie,Travax,Goldie.Travax@yopmail.com
Lauryn,Obed,Lauryn.Obed@yopmail.com
Jaclyn,Tjon,Jaclyn.Tjon@yopmail.com
Aili,Schroth,Aili.Schroth@yopmail.com
Romona,Oster,Romona.Oster@yopmail.com
Helsa,Kesley,Helsa.Kesley@yopmail.com
Eugine,Fredi,Eugine.Fredi@yopmail.com
Audrie,Melan,Audrie.Melan@yopmail.com
Xylina,Darrell,Xylina.Darrell@yopmail.com
Cherilyn,Garbe,Cherilyn.Garbe@yopmail.com
Roberta,Travax,Roberta.Travax@yopmail.com
Deloria,Mike,Deloria.Mike@yopmail.com
Lorenza,Lail,Lorenza.Lail@yopmail.com
Renie,Dannye,Renie.Dannye@yopmail.com
Consuela,Tarrant,Consuela.Tarrant@yopmail.com
Alyda,Ehrman,Alyda.Ehrman@yopmail.com
Ellette,Sancho,Ellette.Sancho@yopmail.com
Britni,Kevon,Britni.Kevon@yopmail.com
Briney,Lumbard,Briney.Lumbard@yopmail.com
Modestia,Ajay,Modestia.Ajay@yopmail.com
Jaclyn,Narton,Jaclyn.Narton@yopmail.com
Paola,Vorster,Paola.Vorster@yopmail.com
Lizzie,Ortrude,Lizzie.Ortrude@yopmail.com
Dyann,O'Carroll,Dyann.O'Carroll@yopmail.com
Gaylene,Monk,Gaylene.Monk@yopmail.com
Anallese,Nester,Anallese.Nester@yopmail.com
Jacquetta,Center,Jacquetta.Center@yopmail.com
Caressa,Hailee,Caressa.Hailee@yopmail.com
Nelle,Barrus,Nelle.Barrus@yopmail.com
Letizia,Dosia,Letizia.Dosia@yopmail.com
Deane,Celestine,Deane.Celestine@yopmail.com
Max,Lauraine,Max.Lauraine@yopmail.com
Rosanne,Daveta,Rosanne.Daveta@yopmail.com
Carilyn,Lattie,Carilyn.Lattie@yopmail.com
Danika,Wareing,Danika.Wareing@yopmail.com
Ursulina,Taam,Ursulina.Taam@yopmail.com
Marsiella,Jacqui,Marsiella.Jacqui@yopmail.com
Ermengarde,Lail,Ermengarde.Lail@yopmail.com
Gloria,Billye,Gloria.Billye@yopmail.com
Gusty,Greyson,Gusty.Greyson@yopmail.com
Aaren,Wenda,Aaren.Wenda@yopmail.com
Annaliese,Teddman,Annaliese.Teddman@yopmail.com
Ardenia,Jerold,Ardenia.Jerold@yopmail.com
Maisey,Eugenia,Maisey.Eugenia@yopmail.com
Rivalee,Atcliffe,Rivalee.Atcliffe@yopmail.com
Ethel,Cottle,Ethel.Cottle@yopmail.com
Adele,Erlandson,Adele.Erlandson@yopmail.com
Emma,Salvidor,Emma.Salvidor@yopmail.com
Patricia,Jaylene,Patricia.Jaylene@yopmail.com
Harmonia,My,Harmonia.My@yopmail.com
Jeanna,Bivins,Jeanna.Bivins@yopmail.com
Mara,Hieronymus,Mara.Hieronymus@yopmail.com
Belinda,Cherianne,Belinda.Cherianne@yopmail.com
Constance,Trey,Constance.Trey@yopmail.com
Paulita,Gillan,Paulita.Gillan@yopmail.com
Albertina,Latini,Albertina.Latini@yopmail.com
Joeann,Grayce,Joeann.Grayce@yopmail.com
Jordan,Minetta,Jordan.Minetta@yopmail.com
Caritta,Corabella,Caritta.Corabella@yopmail.com
Briney,Emerson,Briney.Emerson@yopmail.com
Sue,Zola,Sue.Zola@yopmail.com
Aurore,Arley,Aurore.Arley@yopmail.com
Chastity,Rosemary,Chastity.Rosemary@yopmail.com
Ardeen,Othilia,Ardeen.Othilia@yopmail.com
Ekaterina,Larochelle,Ekaterina.Larochelle@yopmail.com
Averyl,Matthew,Averyl.Matthew@yopmail.com
Wilma,Nunci,Wilma.Nunci@yopmail.com
Magdalena,Justinn,Magdalena.Justinn@yopmail.com
Deloria,McNully,Deloria.McNully@yopmail.com
Adelle,Bobbee,Adelle.Bobbee@yopmail.com
Annice,Euridice,Annice.Euridice@yopmail.com
Paule,Fairweather,Paule.Fairweather@yopmail.com
Elbertina,Euridice,Elbertina.Euridice@yopmail.com
Gisela,Ochs,Gisela.Ochs@yopmail.com
Romona,Lea,Romona.Lea@yopmail.com
Arlena,Grobe,Arlena.Grobe@yopmail.com
Adele,Prouty,Adele.Prouty@yopmail.com
Damaris,Malvino,Damaris.Malvino@yopmail.com
Caryl,Seessel,Caryl.Seessel@yopmail.com
Vanessa,Hepsibah,Vanessa.Hepsibah@yopmail.com
Vinita,Niccolo,Vinita.Niccolo@yopmail.com
Gusty,Baylor,Gusty.Baylor@yopmail.com
Frank,Hailee,Frank.Hailee@yopmail.com
Petronia,Arley,Petronia.Arley@yopmail.com
Nollie,Hermes,Nollie.Hermes@yopmail.com
Dolli,Jena,Dolli.Jena@yopmail.com
Winny,Riva,Winny.Riva@yopmail.com
Jemie,Voletta,Jemie.Voletta@yopmail.com
Chrystel,Love,Chrystel.Love@yopmail.com
Lucy,Dudley,Lucy.Dudley@yopmail.com
Mireielle,Couture,Mireielle.Couture@yopmail.com
Alie,Phi,Alie.Phi@yopmail.com
Kimberley,Lasley,Kimberley.Lasley@yopmail.com
Roxane,Donell,Roxane.Donell@yopmail.com
Kate,Magdalen,Kate.Magdalen@yopmail.com
Tani,Dielu,Tani.Dielu@yopmail.com
Sallie,Bivins,Sallie.Bivins@yopmail.com
Lucille,Darbie,Lucille.Darbie@yopmail.com
Chere,Ventre,Chere.Ventre@yopmail.com
Kenna,Berriman,Kenna.Berriman@yopmail.com
Sibella,Percy,Sibella.Percy@yopmail.com
Chere,Stacy,Chere.Stacy@yopmail.com
Marline,Hoban,Marline.Hoban@yopmail.com
Atlanta,Manolo,Atlanta.Manolo@yopmail.com
Kamilah,Clara,Kamilah.Clara@yopmail.com
Selma,Klotz,Selma.Klotz@yopmail.com
Maud,Isidore,Maud.Isidore@yopmail.com
Fidelia,Arathorn,Fidelia.Arathorn@yopmail.com
Daune,Cohdwell,Daune.Cohdwell@yopmail.com
Claresta,Oscar,Claresta.Oscar@yopmail.com
Caressa,Fitzsimmons,Caressa.Fitzsimmons@yopmail.com
Oralee,Faust,Oralee.Faust@yopmail.com
Winifred,Secrest,Winifred.Secrest@yopmail.com
Elfreda,Markman,Elfreda.Markman@yopmail.com
Lila,Anestassia,Lila.Anestassia@yopmail.com
Bernardine,Lesley,Bernardine.Lesley@yopmail.com
Yetty,Tomasina,Yetty.Tomasina@yopmail.com
Lorne,Nelsen,Lorne.Nelsen@yopmail.com
Celisse,Lilybelle,Celisse.Lilybelle@yopmail.com
Fanny,Amand,Fanny.Amand@yopmail.com
Coral,Margret,Coral.Margret@yopmail.com
Mady,Kauppi,Mady.Kauppi@yopmail.com
Tracey,Rosalba,Tracey.Rosalba@yopmail.com
Lila,Olnee,Lila.Olnee@yopmail.com
Josephine,Casimir,Josephine.Casimir@yopmail.com
Natka,Jillane,Natka.Jillane@yopmail.com
Mary,Munn,Mary.Munn@yopmail.com
Ann-Marie,Rese,Ann-Marie.Rese@yopmail.com
Frances,Francene,Frances.Francene@yopmail.com
Carree,Ammann,Carree.Ammann@yopmail.com
Alisha,Kenney,Alisha.Kenney@yopmail.com
Fina,Aida,Fina.Aida@yopmail.com
Carolina,Iiette,Carolina.Iiette@yopmail.com
Elie,Eben,Elie.Eben@yopmail.com
Fredericka,Salchunas,Fredericka.Salchunas@yopmail.com
Vere,Ralfston,Vere.Ralfston@yopmail.com
Chloris,Yorick,Chloris.Yorick@yopmail.com
Fayre,Erb,Fayre.Erb@yopmail.com
Courtnay,Kylander,Courtnay.Kylander@yopmail.com
Mallory,Sparhawk,Mallory.Sparhawk@yopmail.com
Gilligan,Munn,Gilligan.Munn@yopmail.com
Mady,Nester,Mady.Nester@yopmail.com
Mildrid,Papageno,Mildrid.Papageno@yopmail.com
Cristine,Anselmi,Cristine.Anselmi@yopmail.com
Lacie,Jagir,Lacie.Jagir@yopmail.com
Esmeralda,Rossner,Esmeralda.Rossner@yopmail.com
Helena,Alejoa,Helena.Alejoa@yopmail.com
Beverley,Dreda,Beverley.Dreda@yopmail.com
Kylynn,Persse,Kylynn.Persse@yopmail.com
Kellen,Lane,Kellen.Lane@yopmail.com
Beth,Koziara,Beth.Koziara@yopmail.com
Mallory,Argus,Mallory.Argus@yopmail.com
Dode,Dielu,Dode.Dielu@yopmail.com
Sarette,Florina,Sarette.Florina@yopmail.com
Raquela,Merriott,Raquela.Merriott@yopmail.com
Pollyanna,Kolnick,Pollyanna.Kolnick@yopmail.com
Gwyneth,Duwalt,Gwyneth.Duwalt@yopmail.com
Jan,Stevy,Jan.Stevy@yopmail.com
Corry,Agle,Corry.Agle@yopmail.com
Paola,Konyn,Paola.Konyn@yopmail.com
Jsandye,Ophelia,Jsandye.Ophelia@yopmail.com
Celisse,Joeann,Celisse.Joeann@yopmail.com
Oralee,Baptlsta,Oralee.Baptlsta@yopmail.com
Yetty,Bohlin,Yetty.Bohlin@yopmail.com
Aurore,Ade,Aurore.Ade@yopmail.com
Sara-Ann,Zrike,Sara-Ann.Zrike@yopmail.com
Nessie,Ellerey,Nessie.Ellerey@yopmail.com
Randa,Schonfeld,Randa.Schonfeld@yopmail.com
Aaren,Sophronia,Aaren.Sophronia@yopmail.com
Evaleen,Anderea,Evaleen.Anderea@yopmail.com
Max,Morgun,Max.Morgun@yopmail.com
Emma,Burnside,Emma.Burnside@yopmail.com
Marnia,Colp,Marnia.Colp@yopmail.com
Neila,Kaete,Neila.Kaete@yopmail.com
Barbara,Kaete,Barbara.Kaete@yopmail.com
Sophia,Bari,Sophia.Bari@yopmail.com
Chrystel,Ariella,Chrystel.Ariella@yopmail.com
June,Marsden,June.Marsden@yopmail.com
Kristina,Edee,Kristina.Edee@yopmail.com
Lisette,Velick,Lisette.Velick@yopmail.com
Rochette,Bord,Rochette.Bord@yopmail.com
Talya,Grayce,Talya.Grayce@yopmail.com
Clo,Phyllis,Clo.Phyllis@yopmail.com
Raf,Ferino,Raf.Ferino@yopmail.com
Mildrid,Pernick,Mildrid.Pernick@yopmail.com
Melodie,Lilybelle,Melodie.Lilybelle@yopmail.com
Jany,Jeanne,Jany.Jeanne@yopmail.com
Blondelle,Daveta,Blondelle.Daveta@yopmail.com
Kary,Grobe,Kary.Grobe@yopmail.com
Courtnay,Callista,Courtnay.Callista@yopmail.com
Lulita,Brackely,Lulita.Brackely@yopmail.com
Shandie,Noam,Shandie.Noam@yopmail.com
Lizzie,Douglass,Lizzie.Douglass@yopmail.com
Jere,Delila,Jere.Delila@yopmail.com
Aili,Middleton,Aili.Middleton@yopmail.com
Oona,Chabot,Oona.Chabot@yopmail.com
Tracey,Heisel,Tracey.Heisel@yopmail.com
Blake,Ioab,Blake.Ioab@yopmail.com
Libbie,Darrell,Libbie.Darrell@yopmail.com
Bee,Haldas,Bee.Haldas@yopmail.com
Christian,Screens,Christian.Screens@yopmail.com
Mathilda,Edee,Mathilda.Edee@yopmail.com
Sophia,Dermott,Sophia.Dermott@yopmail.com
Fernande,Read,Fernande.Read@yopmail.com
Gavrielle,Colbert,Gavrielle.Colbert@yopmail.com
Angelique,Carbo,Angelique.Carbo@yopmail.com
Arlena,Love,Arlena.Love@yopmail.com
Cherrita,Johanna,Cherrita.Johanna@yopmail.com
Albertina,Carolin,Albertina.Carolin@yopmail.com
Jaime,Linskey,Jaime.Linskey@yopmail.com
Asia,Kussell,Asia.Kussell@yopmail.com
Pearline,Payson,Pearline.Payson@yopmail.com
Sherrie,Juan,Sherrie.Juan@yopmail.com
Zondra,Pelagias,Zondra.Pelagias@yopmail.com
Evita,Vilma,Evita.Vilma@yopmail.com
Sidoney,Bebe,Sidoney.Bebe@yopmail.com
Clo,Delila,Clo.Delila@yopmail.com
Cherilyn,Doig,Cherilyn.Doig@yopmail.com
Ivett,Colp,Ivett.Colp@yopmail.com
Ericka,Madaih,Ericka.Madaih@yopmail.com
Gisela,Frendel,Gisela.Frendel@yopmail.com
Annora,Buckler,Annora.Buckler@yopmail.com
Neila,Germann,Neila.Germann@yopmail.com
Yetty,Marlie,Yetty.Marlie@yopmail.com
Elise,Bollay,Elise.Bollay@yopmail.com
Edyth,Sandye,Edyth.Sandye@yopmail.com
Tera,Mike,Tera.Mike@yopmail.com
Wileen,Hailee,Wileen.Hailee@yopmail.com
Jaclyn,Norvol,Jaclyn.Norvol@yopmail.com
Annice,Therine,Annice.Therine@yopmail.com
Edyth,Cohdwell,Edyth.Cohdwell@yopmail.com
Sashenka,Garlinda,Sashenka.Garlinda@yopmail.com
Ernesta,Peonir,Ernesta.Peonir@yopmail.com
Carol-Jean,Orlene,Carol-Jean.Orlene@yopmail.com
Starla,Orlene,Starla.Orlene@yopmail.com
Elora,Pillsbury,Elora.Pillsbury@yopmail.com
Libbie,Vale,Libbie.Vale@yopmail.com
Paola,Lunsford,Paola.Lunsford@yopmail.com
Devina,Georas,Devina.Georas@yopmail.com
Jobi,Lalitta,Jobi.Lalitta@yopmail.com
Sue,Kamaria,Sue.Kamaria@yopmail.com
Kate,Pitt,Kate.Pitt@yopmail.com
Cathie,Amasa,Cathie.Amasa@yopmail.com
Bee,Oneida,Bee.Oneida@yopmail.com
Josephine,Goth,Josephine.Goth@yopmail.com
Rayna,Boehike,Rayna.Boehike@yopmail.com
Clo,Cohdwell,Clo.Cohdwell@yopmail.com
Nonnah,Chesna,Nonnah.Chesna@yopmail.com
Clary,Liva,Clary.Liva@yopmail.com
Peri,Elvyn,Peri.Elvyn@yopmail.com
Bertine,Burnside,Bertine.Burnside@yopmail.com
Deedee,Orelee,Deedee.Orelee@yopmail.com
Nollie,Dunkin,Nollie.Dunkin@yopmail.com
Lucy,Atcliffe,Lucy.Atcliffe@yopmail.com
Lexine,Lunsford,Lexine.Lunsford@yopmail.com
Philis,Lumbard,Philis.Lumbard@yopmail.com
Blinni,Waldron,Blinni.Waldron@yopmail.com
Shaine,Yam,Shaine.Yam@yopmail.com
Fred,Old,Fred.Old@yopmail.com
Tori,Lucienne,Tori.Lucienne@yopmail.com
Sashenka,Hunfredo,Sashenka.Hunfredo@yopmail.com
Lanna,Monk,Lanna.Monk@yopmail.com
Babita,Kenney,Babita.Kenney@yopmail.com
Dotty,Hanleigh,Dotty.Hanleigh@yopmail.com
Ardys,Flyn,Ardys.Flyn@yopmail.com
Elora,Melan,Elora.Melan@yopmail.com
Aimil,Fulmer,Aimil.Fulmer@yopmail.com
Talya,Old,Talya.Old@yopmail.com
Quintina,Carlson,Quintina.Carlson@yopmail.com
Brietta,Haymes,Brietta.Haymes@yopmail.com
Hettie,Vary,Hettie.Vary@yopmail.com
Elvira,Reneta,Elvira.Reneta@yopmail.com
Wynne,Yerkovich,Wynne.Yerkovich@yopmail.com
Brynna,Orpah,Brynna.Orpah@yopmail.com
Lory,Rosette,Lory.Rosette@yopmail.com